musteri_id,ad_soyad,sehir,telefon,email,kayit_tarihi
1,"Ahmet Yilmaz",Ankara,05305614226,ahmet.yilmaz@example.com,2025-05-12
2,"Ayse Kaya",Bursa,05342719583,ayse.kaya@example.com,2026-07-28
3,"Mehmet Demir",Ankara,05488078673,mehmet.demir@example.com,2024-10-06
4,"Fatma Sahin",Istanbul,05324668136,fatma.sahin@example.com,2025-04-30
5,"Mustafa Celik",Istanbul,05474335942,mustafa.celik@example.com,2026-07-01
6,"Zeynep Yildiz",Kayseri,05378536477,zeynep.yildiz@example.com,2026-04-30
7,"Emre Aydin",Antalya,05551109031,emre.aydin@example.com,2025-02-14
8,"Elif Ozturk",Kayseri,05405661907,elif.ozturk@example.com,2025-02-10
9,"Can Arslan",Bursa,05546647119,can.arslan@example.com,2024-12-17
10,"Selin Dogan",Ankara,05422622631,selin.dogan@example.com,2025-09-06
11,"Burak Kilic",Kocaeli,05495437923,burak.kilic@example.com,2024-10-18
12,"Ece Aslan",Adana,05473094235,ece.aslan@example.com,2025-09-26
13,"Onur Cetin",Ankara,05475918715,onur.cetin@example.com,2026-06-09
14,"Deniz Kurt",Kocaeli,05484226067,deniz.kurt@example.com,2026-08-26
15,"Gizem Aksoy",Ankara,05314823498,gizem.aksoy@example.com,2025-06-27
16,"Kaan Ozdemir",Ankara,05574905582,kaan.ozdemir@example.com,2024-12-16
17,"Merve Turan",Kayseri,05388606962,merve.turan@example.com,2026-06-16
18,"Ali Koc",Kocaeli,05357210606,ali.koc@example.com,2025-09-02
19,"Busra Er",Bursa,05515479144,busra.er@example.com,2026-08-23
20,"Serkan Bulut",Ankara,05493871230,serkan.bulut@example.com,2026-03-04
21,"Nur Sen",Bursa,05358755439,nur.sen@example.com,2025-09-27
22,"Tolga Guler",Antalya,05594684531,tolga.guler@example.com,2026-08-06
23,"Irem Polat",Kocaeli,05561938483,irem.polat@example.com,2025-04-26
24,"Baris Tas",Istanbul,05556292423,baris.tas@example.com,2025-10-19
25,"Sibel Uysal",Antalya,05324539704,sibel.uysal@example.com,2026-04-07
26,"Volkan Ozkan",Kocaeli,05369375710,volkan.ozkan@example.com,2025-10-14
27,"Aylin Bal",Adana,05345443951,aylin.bal@example.com,2025-01-24
28,"Ugur Simsek",Bursa,05535408072,ugur.simsek@example.com,2026-04-25
29,"Ceren Avci",Kayseri,05587700828,ceren.avci@example.com,2025-09-09
30,"Ozan Aktas",Bursa,05349548432,ozan.aktas@example.com,2026-01-22
31,"Damla Yalcin",Ankara,05541790481,damla.yalcin@example.com,2024-12-25
32,"Furkan Tekin",Izmir,05503684052,furkan.tekin@example.com,2026-08-01
33,"Pinar Kara",Kayseri,05492065818,pinar.kara@example.com,2025-10-03
34,"Cem Bahar",Kayseri,05498852574,cem.bahar@example.com,2026-02-27
35,"Hande Sonmez",Antalya,05471192619,hande.sonmez@example.com,2026-08-01
36,"Berk Ergin",Ankara,05515476583,berk.ergin@example.com,2026-06-22
37,"Naz Kaplan",Kocaeli,05335924115,naz.kaplan@example.com,2025-11-23
38,"Yusuf Toprak",Izmir,05441054447,yusuf.toprak@example.com,2025-05-31
39,"Gul Aydogan",Izmir,05462785277,gul.aydogan@example.com,2026-06-06
40,"Serdar Isik",Antalya,05569517169,serdar.isik@example.com,2026-05-20
41,"Aslihan Cinar",Bursa,05347273233,aslihan.cinar@example.com,2025-02-16
42,"Tuncay Ozgur",Istanbul,05496438436,tuncay.ozgur@example.com,2026-01-17
43,"Melis Duran",Istanbul,05337089806,melis.duran@example.com,2025-07-15
44,"Kerem Bozkurt",Bursa,05315041154,kerem.bozkurt@example.com,2026-04-07
45,"Sena Aktepe",Ankara,05329153566,sena.aktepe@example.com,2024-11-13
46,"Eren Coban",Izmir,05348973915,eren.coban@example.com,2026-03-20
47,"Ceyda Karatas",Izmir,05389852897,ceyda.karatas@example.com,2026-05-18
48,"Batuhan Ozer",Kayseri,05364374754,batuhan.ozer@example.com,2026-09-04
49,"Sude Yavuz",Antalya,05427264956,sude.yavuz@example.com,2025-11-26
50,"Arda Guven",Adana,05335159166,arda.guven@example.com,2025-04-22
